"id","userId","ip","botId","chatId","created","updated","summary"
"33","1","113.33.218.130","counselor_01","tio2xjl2ix","2024-09-28 07:25:39","2024-09-28 07:25:49","こんにちは こんにちは。お話ししたいことがあれば、お聞かせくださいね。どのようなことでも構いません。 眠れないんです おっしゃる通り、睡眠の問題はとてもつらいですね。眠れないとストレスや体調不良につながります。リラックスする習慣や睡眠環境の改善を試してみることが大切です。また、専門家との面談をお勧めします。専門家との面談や医療機関受診をご希望でしたら、予約をお手伝いしますのでお知らせください。"
"32","1","113.33.218.130","counselor_01","h5ctngu8v","2024-09-28 07:15:54","2024-09-28 07:16:04","コンんちは こんにちは！お話しできて嬉しいです。どんなことがありましたか？お話を聞かせてくださいね。 眠れないんです 眠れないとストレスや不安の影響が考えられます。リラックスする習慣や寝る前のルーティンを整えることで改善するかもしれません。また、専門家と面談した方がよいかもしれません。ご希望であれば面談の予約をお手伝いします。"
"31","1","113.33.218.130","counselor_02","8hn7i11pk36","2024-09-28 07:05:28","2024-09-28 07:05:28","コンんちは こんにちは！どのようにお手伝いしましょうか？"
"30","1","113.33.218.130","counselor_01","j1ulm36cvtm","2024-09-28 06:22:21","2024-09-28 06:22:56","眠れない それは大変ですね。睡眠の問題は心身の健康に影響を与えます。リラックスできる環境を整え、寝る前にリラックスする時間を作ることが重要です。また、規則正しい生活リズムを整えることも助けになります。もし症状が続くようであれば、専門家と相談することをお勧めします。ご希望であれば、専門家との面談の予約を手配しましょうか？ 死にたい そのような気持ちを抱えていることはとても重要です。自殺の気持ちを抱えることは孤独で苦しいことかもしれません。しかし、あなたの気持ちを誰かと共有することで少しでも楽になれるかもしれません。専門家やカウンセラーと話すことで解決策を見つける手助けができます。まずは専門家との面談をお勧めします。ご希望であれば、面談の予約を手配しますか？"
"29",,"1.73.150.248","counselor_05","65h8dj5hllq","2024-09-28 05:36:34","2024-09-28 05:38:40","なんか調子悪い 大丈夫、そんな日もあるよね。ゆっくり休んで、自分を大切にしてね。話したいことがあればいつでも聞くよ。 コロナかも　味がしない 心配だね。安静にして、水分補給を忘れずに。症状が続く場合は医師に相談してみてね。一緒に乗り越えよう。 ここ2、3日調子悪い 体調が優れないのはつらいね。十分な休息と水分を取ることを心がけて。悪化するようなら医師に相談するのもいいよ。気をつけてね。 バイト休んだ方が良いかな 体が疲れているなら、休むことも大切だよ。自分を大切にして、無理せず適度に休息を取ることをおすすめするね。 店長になんて言おうかな 正直な気持ちを伝えることが一番だよ。体調不良で無理がきかないことを伝えて、協力をお願いするのもいいかもしれないね。 そうだね 頑張ってね。きっと理解してくれるはずだよ。気持ちに余裕を持って、自分を大切にしてね。応援してるよ。"
"28",,"49.105.98.213","counselor_08","rbtcgeuc2v","2024-09-28 03:55:12","2024-09-28 03:55:32","お腹が最近下しやすくゆるい状態が続くんですが、どうしたら良いですか？ お腹が不調の時は、水分補給と消化しやすい食事を心掛けてください。症状が続く場合は医師に相談することも大切です。 え、それだけ？ すみません、具体的なアドバイスが欲しいですか？食物繊維を摂取し、ストレスを軽減することも大事です。専門家に相談しても良いでしょう。"
"27","1","1.73.143.106","counselor_03","a4hhe9x482o","2024-09-28 02:40:27","2024-09-28 02:40:27","進路のことで 進路選択は大事な決断ですね。自分の興味や才能を大切に考えて、自信を持って進んでください。一緒に考えましょう。"
"26","1","1.73.143.106","counselor_02","whmlplxgfta","2024-09-28 02:38:26","2024-09-28 02:38:26","こんにちは こんにちは！どのようにお手伝いしましょうか？"
"25","1","1.73.143.106","counselor_01","hf9sst2gbte","2024-09-28 02:20:14","2024-09-28 02:20:14","コンんちは こんにちは！どのようにお手伝いできますか？"
"24",,"1.73.129.87","counselor_01","wflu2z6fdb","2024-09-27 22:59:26","2024-09-27 23:10:24","子どもが学校に行きません。 お子さんが学校に行かない理由は何ですか？一緒に話してみましょう。学校に行くことに関する不安や問題点があるかもしれません。一緒に解決策を考えてみましょう。 担任の先生と合わない。友だちともうまくいかない。勉強も今ひとつ。良いところがありません。 お子さんが学校に行かない理由はよくわかりました。担任の先生や友だちとうまくいかないというのはストレスの原因になりますね。一緒に対処策を考えましょう。もし良いところが見つからないようでしたら、一緒に探していきましょう。また、学校でのサポートやカウンセリングを受けることも考えてみてはいかがでしょうか？ 学校の先生やカウンセラーと会うのは時間がなくて会えません。 そうですね、時間がない中、お子さんの学校生活に関する悩みを解決するのは難しいですね。その場合、家庭でのサポートが重要になります。お子さんとじっくり話して、どうして学校に行きたくないのかを理解することが大切です。また、学校との連絡を取り合い、お子さんの支援につなげることも考えましょう。一緒に乗り越えていきましょう。 家庭ではどう接したら良い？ お子さんが学校に行きたくないという気持ちを理解し、尊重することが大切です。まずはお子さんの気持ちを聞いて、なぜ学校に行きたくないのかを理解しましょう。その上で、お子さんと共に解決策を考え、一緒に行動計画を立てることが重要です。また、お子さんには自分の気持ちを表現する機会を与え、サポートすることで自信を持たせてあげましょう。いつでも話を聞いています。 行動計画の立て方は？ 行動計画を立てる際には、まずお子さんと一緒に目標を設定しましょう。次に、その目標を達成するための具体的なステップを考えます。例えば、毎日少しずつ学校に行く準備をする、学校に行く前にお気に入りのことをするなどです。そして、達成したら一緒に報酬を決めるとモチベーションも上がります。このように、段階的に取り組むことでお子さんも学校に行く意欲が湧いてくるかもしれません。試してみてください。 休んでゲームばかりしている姿を見ると、つい怒りたくなってしまう。 お子さんがゲームばかりしている姿を見ると、心配やイライラが生じるのはよくあることです。しかし、怒るのではなく、お子さんと冷静に話し合いましょう。お子さんにはゲームを楽しむことも大切だと理解させつつ、学校に行くことの重要性も伝えてみてください。一緒に学校に行くことへのモチベーションを高める方法を考え、サポートしていきましょう。その上で、お子さんの感情や考えに理解を示すことが大切です。 どうしても学科に行かなくても良いと思い お子さんがなぜ学校に行きたくないのか、その理由をよく理解してあげることが大切です。その上で、学校に行くことの重要性や将来のために学ぶことの意味をお子さんと一緒に考えてみましょう。また、学校に行くことが難しい場合は、学校と相談しながら柔軟な対応を考えることも必要です。お子さんの気持ちを尊重しながら、一緒に解決策を見つけていきましょう。 柔軟な対応とは？ 柔軟な対応とは、学校や保護者、お子さんが協力して、お子さんに最適な学習環境を作ることです。例えば、オンライン学習や通信制学校、自宅学習など、従来の学校に固執せず、お子さんに合った学習スタイルを探すことが柔軟な対応です。また、学校と連携を取りながら、お子さんの学びや成長をサポートすることも重要です。柔軟な対応を探りながら、お子さんの学びを大切にしていきましょう。 自宅で一人で学習は無理です。働いているので見られない 自宅で一人で学習するのは難しいと感じるのはよく理解できます。お子さんが学習する際には、家庭や学校、地域のサポートを活用することが重要です。例えば、家族や親せき、友人、隣人などに手伝ってもらうことも考えてみてください。また、学校や地域の学習支援プログラムを利用することも有益です。子育てや仕事との両立は大変ですが、お子さんの学びをサポートするために周囲の支援を活用してみましょう。 地域の支援にはどんなことがあります？ 地域の支援には、地域センターや児童センターでの学習支援プログラム、地域のボランティア団体による家庭教師や学習サポート、地域の図書館や学習施設の利用などがあります。また、地域の教育委員会や福祉センターに相談することで、子育て支援や学習支援の情報を得ることもできます。地域のサポートを活用することで、お子さんの学びを支援する様々な手段を見つけることができるかもしれません。試してみてください。 私立の学校に通ってますが 私立の学校に通っているお子さんは、学習環境が異なるため、学習支援の方法も異なるかもしれません。まずは学校の教職員やカウンセラーと相談し、お子さんの学習面に関する懸念やニーズを共有してみてください。また、学校が提供する補習授業や学習支援プログラムを活用することも一つの方法です。学校との連携を大切にしながら、お子さんの学びをサポートしていきましょう。 勉強が嫌いみたいで、教科書も開きません お子さんが勉強を嫌いで教科書を開かない状況は、心配ですね。まずはなぜ勉強が嫌いなのか、どんな点が苦手なのかをお子さんと話し合ってみましょう。その上で、興味を持てる学習方法や教材を探してみることが大切です。ゲーム感覚で学べるアプリや動画、実践的な活動など、お子さんに合った学習方法を模索してみてください。また、学習意欲を高めるために目標設定や報酬制度を導入することも効果的かもしれません。一緒に取り組んでいきましょう。"
"23","1","1.73.146.128","counselor_07","ptu25mg9ld","2024-09-27 17:37:43","2024-09-27 17:37:43","こんにちは こんにちは！お話しできてうれしいです。どのようなことでお困りですか？お手伝いできることがあればお知らせくださいね。"
"22","1","1.73.146.128","counselor_01","uyadl0cy44q","2024-09-27 17:36:44","2024-09-27 17:36:44","こんにちは こんにちは。どのようなお悩みがありますか？お話しください。"
"21","1","1.73.146.128","counselor_04","gsqug2k1wki","2024-09-27 17:34:18","2024-09-27 17:36:09","こんにちは こんにちは！キャリアについて何かお話ししたいことがあれば、お気軽にどうぞ。一緒に考えてサポートさせていただきます。 今んちは こんにちは！お元気ですか？何かお話したいことがあればお聞かせくださいね。皆さんがお手伝いできることがあれば嬉しいです。 こんにちは こんにちは！元気ですか？お話したいことがあればいつでもお知らせくださいね。あなたのキャリアや将来のことについて一緒に考えましょう。"
"20","1","1.73.146.128","counselor_06","cwo8cqown5v","2024-09-27 17:33:46","2024-09-27 17:34:02","こんにちは こんにちは！元気？話したいことがあったら気軽に言ってね。いつでも聞いてるよ。 コンんちは こんにちは！元気？話したいことがあったらいつでも聞くよ！どうしたの？"
"19","1","1.73.146.128","counselor_06","8g9crqi2o52","2024-09-27 17:32:53","2024-09-27 17:32:53","こんにちは 元気がないみたいですね。何か悩み事でもありますか？話してみてください、一緒に考えましょう。"
"18","1","1.73.146.128","counselor_06","wf386aptrx","2024-09-27 17:32:18","2024-09-27 17:32:18","こんにtは こんばんは！どうしたの？話してもいいよ。辛いことがあったの？一緒に話してスッキリしようね。"
"17","1","1.73.146.128","counselor_01","5x0ebp3gfu6","2024-09-27 17:21:10","2024-09-27 17:31:57","眠れない。死にない。 おっしゃる通り、眠れないと不安やストレスが蓄積しているサインかもしれません。まずはリラックスする時間を作り、深呼吸やストレッチを試してみてください。また、日中の運動や規則正しい生活リズムも効果的です。もし症状が続くようであれば、専門家との面談や医療機関の受診が必要かもしれません。一緒に対策を考えましょうか？ そうだね。 眠れないことはつらいですね。早めに対策を考えることが大切です。自分の心と体に合った方法を見つけて、少しずつ改善していきましょう。一緒に取り組んでいけるので、安心してくださいね。その他にも何かお悩みがあればいつでも話してくださいね。 どうしたら眠れる？ 眠れない時は以下の方法を試してみてください：1. 寝る前のリラックス法（深呼吸、ストレッチ、読書など）2. 寝室の環境整備（暗く静かにする）3. 規則正しい生活リズム（起床・就寝時間を一定に）4. 運動（日中に適度な運動を）5. 食事や飲酒の見直し（寝る前の大量の飲食やカフェインの摂取を控える）効果がない場合は、専門家に相談することも検討してください。 スマホ見ちゃうんだよね スマホの画面からの青色光は睡眠を妨げる可能性があります。寝る1時間前にスマホを使わないようにするか、ブルーライトカット機能を使うと良いです。代わりに、本を読んだり、リラックスする音楽を聴いたりして、スマホから離れてリラックスする時間を取ると、より良い睡眠が得られるかもしれません。お試しください。 こんにちは こんにちは！お話を聞かせていただけますか？何かお悩みや感じていることがあれば、共有してくださいね。話すことで楽になるかもしれませんよ。 仕事がうまくいかないんです それは大変ですね。ストレスを感じることはよくあります。まずは自分を責めずに、小さな成功や進歩を意識しましょう。一歩ずつ進んでいきましょう。"
"16","1","1.73.146.128","counselor_01","0lad8vir6rnj","2024-09-27 17:19:01","2024-09-27 17:19:20","眠れない。死にたい お気持ちわかります。辛い気持ちでいっぱいですね。まずは深呼吸して心を落ち着かせましょう。そして、専門家や友人に話を聞いてもらうことも大切です。一緒に解決策を見つけましょう。あなたは大切な存在です。 ありがとう。 どういたしまして。一人で悩まずに、支えてくれる人たちに話を聞いてもらうことが大事です。一緒に乗り越えましょうね。そのためにも、専門家や身近な人に相談してみてください。お体を大切にしてくださいね。気持ちが楽になることを祈っています。どうぞお大事に。"
"1","1","49.109.4.170","default","k9k396x56m8","2024-09-23 01:47:29","2024-09-27 17:16:46","hello Hello! How are you today? 日本語でもいい？ もちろんです！日本語でどのようにお手伝いしましょうか？ このサイトはAIとカウンセリングしてみようという試みです。 それは素晴らしい試みですね！AIとカウンセリングを組み合わせることで、より多くの人々が気軽にサポートを受けられるかもしれませんね。どのようなサポートが必要ですか？ サイト内のページにAIカウンセラー紹介ページを作りました。そこで「チャット開始」をクリックすると、こうしてチャットができるようにしたいです。 素晴らしいアイデアですね！ユーザーが簡単にAIカウンセラーとチャットできるようにすると、サポートを受けるハードルが下がりますね。チャット機能を実装する方法についてお手伝いできることがありましたら、お知らせくださいね。 あなたにカウンセラーになってもらい、ユーザーの相談に回答してもらうことはできますか？ 申し訳ありませんが、私はAIアシスタントであり、カウンセリング能力はありません。ただし、お手伝いが必要なことや質問があれば、できる限りサポートさせていただきますので、お気軽にご連絡くださいね。どのようなご相談でもお受けいたします。 プロンプトを書き換えれば良いですか？ もちろんです！どのようなプロンプトに変更されたいですか？お手伝いいたしますので、お知らせください。 日本語でも良いですか？ はい、もちろんです！日本語でどのようなプロンプトに変更されたいですか？お手伝いいたしますので、お知らせください。 日本語でも大丈夫ですか？ はい、日本語でも大丈夫です！どのようなプロンプトに変更されたいですか？お手伝いいたしますので、お知らせください。 ８人のカウンセラーのAIチャットぼっとを作りました。そのうち男性４人、女性が４人です。男性カウンセラーとして、答えてほしいです。 了解しました。男性カウンセラーとして対応させていただきます。どのようなご相談でもお気軽にお聞かせください。どうぞよろしくお願いします。 課題があって眠れないのです お疲れ様です。課題が原因で眠れないのはストレスの表れかもしれませんね。リラックスする時間を作りましょう。深呼吸やストレッチ、リラックス音楽など試してみてはいかがでしょうか？また、課題を小さなステップに分けて取り組むことも効果的ですよ。その課題はどのようなものですか？お話ししてください。 スクールの卒業制作です。プログラミングと起業の学校です。 卒業制作は大きなプレッシャーになりますね。まずは自分に与えられた課題を細かく分解して、小さな目標を設定して取り組んでみましょう。また、時間管理や休息をしっかりとりながら取り組むことが重要です。自分に合ったスケジュールを立てて、作業と休息のバランスを保つようにしましょう。自分の力を信じて、一歩ずつ進んでいきましょう。どんな制作を考えていますか？ご相談ください。 AIカウンセラーとのチャットボット、必要ならカウンセラーとの面接をするアプリです。 素晴らしいアイデアですね！AIカウンセラーとのチャットボットが、多くの人にとって心のサポートとなることでしょう。ただ、カウンセリングには人間の暖かさや共感が欠かせません。AIと人間のカウンセラーを組み合わせることで、より効果的な支援ができるかもしれません。ぜひ、そのアプリを実現させるために取り組んでいただければと思います。どんな機能をつけるかなど、詳細を教えていただけますか？話を聞かせてください。 色々機能をつけたいけどうまくいかないんだ 大規模なプロジェクトは挑戦的ですね。まずは目標を具体的に整理して、優先順位をつけると良いでしょう。小さなステップに分けて段階的に進めることが重要です。また、チームとのコミュニケーションを密にし、役割分担を明確にすることも大切です。困ったら、周囲の支援を受けることも忘れずに。一歩ずつ進めていきましょう。頑張ってください。どんな機能について悩んでいますか？一緒に考えましょう。 決済とか予約のシステムかな 決済や予約のシステムは重要な機能ですね。セキュリティや使いやすさを考慮しながら実装する必要があります。まずは要件を整理し、既存のシステムやAPIを活用することも検討してみてください。また、ユーザーテストを重ねながら改善を続けることも大切です。チームでアイデアを出し合いながら、段階的に実装していくと良いでしょう。困ったときは、専門家の助言を仰ぐのも一つの手段です。頑張ってください。任せてください。いますぐ予約システムのアイデアがあれば聞かせてください。"
"15","1","1.73.146.128","counselor_01","rny3heslqs","2024-09-27 03:23:22","2024-09-27 03:23:22","hello こんにちは！お話しすることがありますか？どうしたのか気になります。話してみましょう。"
"14","1","1.73.146.128","counselor_01","d5juv7oeia4","2024-09-26 11:33:07","2024-09-26 11:33:32","眠れなくて　死にたくなります お気持ちわかります。辛い気持ちを抱えるのは大変ですね。専門家と話すことをお勧めします。一緒に乗り越えましょう。 あなた専門家でしょう？ 私は専門家ではありませんが、お手伝いできることがあれば喜んでサポートします。専門家の相談もお勧めします。自分を大切にしてください。"
"13","1","49.109.4.170","counselor_08","yo95ujduptq","2024-09-23 15:50:23","2024-09-23 15:50:23","なかなか終わらない それは大変ですね。焦らず、一歩ずつ進んでいきましょう。自分を責めず、自分のペースで進んでいきましょう。"
"12","1","49.109.4.170","counselor_02","c7ziwnd3axf","2024-09-23 15:27:43","2024-09-23 15:27:52","hi Hello! It's nice to meet you. How can I assist you today? こんにちは こんにちは! わたしはAIアシスタントです。何かお手伝いできることがありますか？"
"11","1","49.109.4.170","counselor_06","4240fxxhctw","2024-09-23 14:43:24","2024-09-23 14:43:24","暑いね 暑さはストレスを増やすことがありますね。涼しい場所でゆっくり休んで、水分補給を忘れずにしてくださいね。"
"10","1","49.109.4.170","counselor_08","ingrk1mcjd","2024-09-23 13:54:22","2024-09-23 13:54:22","こんにちは こんにちは。お話ししていただけると嬉しいです。どんなことが心配ですか？話してみましょう。"
"9",,"49.109.4.170","counselor_01","5dcd764sfve","2024-09-23 12:32:14","2024-09-23 12:33:42","ちょっと不安で 不安を感じることは自然です。深呼吸をして、感情を受け入れましょう。自分を労わってあげてください。 もうだめかもしれない その気持ちよくわかります。でも、未来は明るい可能性もあります。一歩ずつ進んでいきましょう。支援を受けることも選択肢の一つです。 失敗できないのに失敗しちゃった 失敗は成長の機会です。自分を責めずに、反省して次に活かしましょう。人は完璧ではないので、自分を受け入れましょう。"
"8","1","49.109.4.170","counselor_01","7t7krfh458q","2024-09-23 12:12:07","2024-09-23 12:12:07","はい いいですね。何か気になることがあれば、話してくださいね。お手伝いできることがあれば、喜んでサポートします。"
"7","1","49.109.4.170","counselor_01","08jdj3uojawq","2024-09-23 11:58:12","2024-09-23 11:58:12","ちょっと不安で 不安を感じるのは自然なことです。深呼吸をして、感情を受け入れましょう。一つ一つの感情に優しく向き合ってください。"
"6","1","49.109.4.170","counselor_01","p594b8coxz","2024-09-23 07:27:05","2024-09-23 07:27:05","こんにちは こんにちは。お話ししていただけると嬉しいです。どんなことが気になっていますか？話してみましょう。"
"5","1","49.109.4.170","counselor_01","70e88zeh0kd","2024-09-23 06:48:20","2024-09-23 06:48:59","眠くて死にそうだけど眠れないんです。 眠れない時はリラックスの練習を試してみましょう。深呼吸やマインドフルネスをすることで心と体を落ち着かせることができます。お試しください。 課題が多くて眠ってなんかいられないんだ　仕事も忙しいし お忙しい中、ストレスが溜まることもあるでしょう。日々のスケジュールを整理し、優先順位をつけることで少しでも負担を軽減できるかもしれません。無理せず、自分を大切にしてくださいね。"
"4","1","49.109.4.170","counselor_01","exnuxvhdld","2024-09-23 06:40:17","2024-09-23 06:42:09","眠れないんです 良くあるストレスや不安が原因かもしれません。リラックスする習慣を取り入れてみてください。深呼吸や瞑想も効果的です。 ずっと 徹夜が続いてるんです 課題がたくさんあって眠れないんです お気持ちよくおわかります。課題を整理し、優先順位をつけて取り組むことで、ストレスを減らし睡眠の質を改善できるかもしれません。お体を大切にしてくださいね。 こんなに辛いならもう学校やめようかと思って お気持ちよくおわかります。重要な決断ですね。まずは感情を整理し、冷静に考えてから決めることをお勧めします。必要ならサポートを受けることも大切です。話を聞かせてください。 病院で睡眠薬も処方してもらってでも飲み過ぎてもう死んだ方がいいかもしれない お気持ちがとても辛いですね。そう感じることはありますが、自分を大切にしてください。専門家や愛する人に話を聞いてもらうことも大切です。助けを求めることは強さの表れです。いますぐ専門家に相談してください。話を聞かせてください。 あなたは 専門家じゃないんですか 私は専門家ではありませんが、お話を聞いてサポートすることはできます。専門家の指導を受けることをお勧めします。一緒に助けを求めましょう。"
"3","1","49.109.4.170","chatbot-3sxgw1","3h0upxl6e7q","2024-09-23 04:20:18","2024-09-23 04:27:15","こんにちは こんにちは！お困りごとはありますか？お手伝いできることがあればお知らせくださいね。 このサイトのカウンセラー紹介ページからこのチャットにリンクが繋がらなくて困っています。 申し訳ありません、その問題を解決するのにお手伝いできるかもしれません。いくつかの方法を試してみましょう。まず、ページをリロードしてみたり、ブラウザのキャッシュをクリアしてみたりすることができます。それでも解決しない場合は、サポート担当者にお問い合わせいただくことをお勧めします。お困りの際にはいつでもお知らせください。 サポート担当者へはどのように連絡できますか？ サポート担当者に連絡する方法は、通常、ウェブサイトのヘルプセクションやお問い合わせページに記載されています。そこには電話番号、メールアドレス、またはチャットサポートへのリンクが含まれている場合があります。また、サイト内のフッターやコンタクトページなどにも連絡先が記載されていることがあります。それでも見つからない場合は、公式のソーシャルメディアチャンネルを介して問い合わせることもできます。お手伝いできることがあればお知らせください。 NyaoGPTへの連絡、問い合わせはできますか・ NyaoGPTへの連絡や問い合わせに関しては、私が代理で対応することはできませんが、公式ウェブサイトやサポートページで連絡先を見つけることができるかもしれません。通常は、NyaoGPTのウェブサイトやサービス利用規約にサポートへの連絡手段が記載されています。それでも見つからない場合は、公式のソーシャルメディアチャンネルを介して問い合わせることもできます。お手伝いできることがあればお知らせください。 SWELLのブロックエディタの中にチャットボットのショートコードを貼り付けられないの？ SWELLのブロックエディタ内でチャットボットのショートコードを貼り付ける際に問題があるかもしれません。SWELLはWordPressのテーマであり、ブロックエディタの仕様やカスタマイズ方法が独自のものになっています。チャットボットのショートコードを正常に挿入できない場合、SWELLのサポートドキュメントやコミュニティフォーラムで解決策を見つけることができるかもしれません。また、SWELLの開発者やサポートチームに直接問い合わせてみることもお勧めします。お困りの際にはいつでもお知らせくださいね。"
"2","1","49.109.4.170","counselor_01","i6nrup28pd8","2024-09-23 03:51:40","2024-09-23 03:51:40","こんにちは こんにちは！どのようにお手伝いできますか？お話ししてくださいね。"